{"cameraMode":{"drawMode":0,"name":"Shaded","section":"Shading Mode"},"sceneLighting":true,"audioPlay":false,"sceneViewState":{"showFog":true,"showMaterialUpdate":false,"showSkybox":true,"showFlares":true,"showImageEffects":true,"showParticleSystems":true},"in2DMode":false,"pivot":{"x":-0.007823459804058075,"y":6.678308486938477,"z":0.026131004095077516},"rotation":{"x":0.32881322503089907,"y":-0.08031973987817764,"z":0.028082598000764848,"w":0.940566897392273},"size":0.2078460156917572,"orthographic":false}