{"cameraMode":{"drawMode":0,"name":"Shaded","section":"Shading Mode"},"sceneLighting":false,"audioPlay":false,"sceneViewState":{"showFog":true,"showMaterialUpdate":false,"showSkybox":false,"showFlares":true,"showImageEffects":true,"showParticleSystems":true},"in2DMode":false,"pivot":{"x":0.0,"y":-375.0000305175781,"z":-0.000041961669921875},"rotation":{"x":-0.31443071365356448,"y":-0.5483368039131165,"z":0.2333277314901352,"w":-0.7389348149299622},"size":389.38629150390627,"orthographic":false}