{"cameraMode":{"drawMode":0,"name":"Shaded","section":"Shading Mode"},"sceneLighting":false,"audioPlay":false,"sceneViewState":{"showFog":true,"showMaterialUpdate":false,"showSkybox":false,"showFlares":true,"showImageEffects":true,"showParticleSystems":true},"in2DMode":false,"pivot":{"x":0.3260955810546875,"y":6.318768501281738,"z":-0.7422943115234375},"rotation":{"x":-0.31443071365356448,"y":-0.5483368039131165,"z":0.2333277314901352,"w":-0.7389348149299622},"size":71.55789947509766,"orthographic":false}