{"cameraMode":{"drawMode":0,"name":"Shaded","section":"Shading Mode"},"sceneLighting":false,"audioPlay":false,"sceneViewState":{"showFog":true,"showMaterialUpdate":false,"showSkybox":false,"showFlares":true,"showImageEffects":true,"showParticleSystems":true},"in2DMode":false,"pivot":{"x":0.31383275985717776,"y":0.0926281213760376,"z":-0.021417587995529176},"rotation":{"x":0.15744726359844209,"y":0.5815777778625488,"z":-0.11596079170703888,"w":0.7896413803100586},"size":0.6138081550598145,"orthographic":false}