{"cameraMode":{"drawMode":0,"name":"Shaded","section":"Shading Mode"},"sceneLighting":false,"audioPlay":false,"sceneViewState":{"showFog":true,"showMaterialUpdate":false,"showSkybox":false,"showFlares":true,"showImageEffects":true,"showParticleSystems":true},"in2DMode":false,"pivot":{"x":-1.2457566261291505,"y":4.162093639373779,"z":5.176586151123047},"rotation":{"x":-0.0790216326713562,"y":0.833575427532196,"z":-0.12368996441364289,"w":-0.5325511693954468},"size":9.251705169677735,"orthographic":false}