{"cameraMode":{"drawMode":0,"name":"Shaded","section":"Shading Mode"},"sceneLighting":false,"audioPlay":false,"sceneViewState":{"showFog":true,"showMaterialUpdate":false,"showSkybox":false,"showFlares":true,"showImageEffects":true,"showParticleSystems":true},"in2DMode":false,"pivot":{"x":1.1231350898742676,"y":5.496291637420654,"z":0.8284730911254883},"rotation":{"x":-0.10196024179458618,"y":-0.17748132348060609,"z":0.018490631133317949,"w":-0.9786538481712341},"size":4.308008193969727,"orthographic":false}