{"cameraMode":{"drawMode":0,"name":"Shaded","section":"Shading Mode"},"sceneLighting":false,"audioPlay":false,"sceneViewState":{"showFog":true,"showMaterialUpdate":false,"showSkybox":false,"showFlares":true,"showImageEffects":true,"showParticleSystems":true},"in2DMode":false,"pivot":{"x":-7.273200988769531,"y":14.962059020996094,"z":4.899868011474609},"rotation":{"x":-0.0790216326713562,"y":0.833575427532196,"z":-0.12368996441364289,"w":-0.5325511693954468},"size":21.824262619018556,"orthographic":false}