{"cameraMode":{"drawMode":0,"name":"Shaded","section":"Shading Mode"},"sceneLighting":false,"audioPlay":false,"sceneViewState":{"showFog":true,"showMaterialUpdate":false,"showSkybox":false,"showFlares":true,"showImageEffects":true,"showParticleSystems":true},"in2DMode":false,"pivot":{"x":-2.205214738845825,"y":1.7890310287475587,"z":-0.3014315068721771},"rotation":{"x":0.00957008358091116,"y":-0.9861364364624023,"z":0.1538948267698288,"w":0.061324287205934528},"size":0.6000174283981323,"orthographic":false}