{"cameraMode":{"drawMode":0,"name":"Shaded","section":"Shading Mode"},"sceneLighting":true,"audioPlay":false,"sceneViewState":{"showFog":true,"showMaterialUpdate":false,"showSkybox":true,"showFlares":true,"showImageEffects":true,"showParticleSystems":true},"in2DMode":false,"pivot":{"x":-24.476165771484376,"y":2.8736443519592287,"z":9.823992729187012},"rotation":{"x":-0.07019715756177902,"y":0.6088083982467651,"z":-0.054210927337408069,"w":-0.7883449792861939},"size":19.263046264648439,"orthographic":false}