{"cameraMode":{"drawMode":0,"name":"Shaded","section":"Shading Mode"},"sceneLighting":false,"audioPlay":false,"sceneViewState":{"showFog":true,"showMaterialUpdate":false,"showSkybox":false,"showFlares":true,"showImageEffects":true,"showParticleSystems":true},"in2DMode":false,"pivot":{"x":8.791296005249024,"y":-7.154270648956299,"z":-18.07324981689453},"rotation":{"x":-0.08866874873638153,"y":-0.023308562114834787,"z":0.002075417898595333,"w":-0.9957863688468933},"size":0.011561378836631775,"orthographic":false}