{"cameraMode":{"drawMode":0,"name":"Shaded","section":"Shading Mode"},"sceneLighting":false,"audioPlay":false,"sceneViewState":{"showFog":true,"showMaterialUpdate":false,"showSkybox":false,"showFlares":true,"showImageEffects":true,"showParticleSystems":true},"in2DMode":false,"pivot":{"x":-6.9837799072265629,"y":5.506946563720703,"z":97.09193420410156},"rotation":{"x":-0.28138723969459536,"y":-0.021016007289290429,"z":0.006164044141769409,"w":-0.9593448042869568},"size":162.0986785888672,"orthographic":false}