{"cameraMode":{"drawMode":0,"name":"Shaded","section":"Shading Mode"},"sceneLighting":false,"audioPlay":false,"sceneViewState":{"showFog":true,"showMaterialUpdate":false,"showSkybox":false,"showFlares":true,"showImageEffects":true,"showParticleSystems":true},"in2DMode":false,"pivot":{"x":-9.220000267028809,"y":2.059999942779541,"z":4.800000190734863},"rotation":{"x":-0.07019715756177902,"y":0.6088083982467651,"z":-0.054210927337408069,"w":-0.7883449792861939},"size":10.596806526184082,"orthographic":false}