{"cameraMode":{"drawMode":0,"name":"Shaded","section":"Shading Mode"},"sceneLighting":false,"audioPlay":false,"sceneViewState":{"showFog":true,"showMaterialUpdate":false,"showSkybox":false,"showFlares":true,"showImageEffects":true,"showParticleSystems":true},"in2DMode":false,"pivot":{"x":0.0,"y":2.8499999046325685,"z":1.5709999799728394},"rotation":{"x":-0.1778567135334015,"y":-0.0038406094536185266,"z":0.0006938484730198979,"w":-0.9840493202209473},"size":0.16031228005886079,"orthographic":false}