{"cameraMode":{"drawMode":0,"name":"Shaded","section":"Shading Mode"},"sceneLighting":false,"audioPlay":false,"sceneViewState":{"showFog":true,"showMaterialUpdate":false,"showSkybox":false,"showFlares":true,"showImageEffects":true,"showParticleSystems":true},"in2DMode":false,"pivot":{"x":-0.2005597949028015,"y":0.06958675384521485,"z":2.7479913234710695},"rotation":{"x":0.5529513955116272,"y":0.4225095212459564,"z":-0.3856412470340729,"w":0.6058135628700256},"size":1.5000174045562745,"orthographic":false}