{"cameraMode":{"drawMode":0,"name":"Shaded","section":"Shading Mode"},"sceneLighting":false,"audioPlay":false,"sceneViewState":{"showFog":true,"showMaterialUpdate":false,"showSkybox":false,"showFlares":true,"showImageEffects":true,"showParticleSystems":true},"in2DMode":false,"pivot":{"x":6.916757583618164,"y":6.767348289489746,"z":4.627171039581299},"rotation":{"x":0.377998948097229,"y":0.17069828510284425,"z":-0.07112777978181839,"w":0.9071489572525024},"size":7.534992694854736,"orthographic":false}