{"cameraMode":{"drawMode":0,"name":"Shaded","section":"Shading Mode"},"sceneLighting":false,"audioPlay":false,"sceneViewState":{"showFog":true,"showMaterialUpdate":false,"showSkybox":false,"showFlares":true,"showImageEffects":true,"showParticleSystems":true},"in2DMode":false,"pivot":{"x":1.4532995223999024,"y":0.7382049560546875,"z":0.2320995330810547},"rotation":{"x":0.377998948097229,"y":0.17069828510284425,"z":-0.07112777978181839,"w":0.9071489572525024},"size":18.951541900634767,"orthographic":false}