{"cameraMode":{"drawMode":0,"name":"Shaded","section":"Shading Mode"},"sceneLighting":false,"audioPlay":false,"sceneViewState":{"showFog":true,"showMaterialUpdate":false,"showSkybox":false,"showFlares":true,"showImageEffects":true,"showParticleSystems":true},"in2DMode":false,"pivot":{"x":0.8492263555526733,"y":0.7722177505493164,"z":0.6403276920318604},"rotation":{"x":0.377998948097229,"y":0.17069828510284425,"z":-0.07112777978181839,"w":0.9071489572525024},"size":2.1499998569488527,"orthographic":false}