{"cameraMode":{"drawMode":0,"name":"Shaded","section":"Shading Mode"},"sceneLighting":false,"audioPlay":false,"sceneViewState":{"showFog":true,"showMaterialUpdate":false,"showSkybox":false,"showFlares":true,"showImageEffects":true,"showParticleSystems":true},"in2DMode":false,"pivot":{"x":-20.033126831054689,"y":1.0700010061264039,"z":12.52679443359375},"rotation":{"x":0.377998948097229,"y":0.17069828510284425,"z":-0.07112777978181839,"w":0.9071489572525024},"size":14.142135620117188,"orthographic":false}