{"cameraMode":{"drawMode":0,"name":"Shaded","section":"Shading Mode"},"sceneLighting":true,"audioPlay":false,"sceneViewState":{"showFog":true,"showMaterialUpdate":false,"showSkybox":true,"showFlares":true,"showImageEffects":true,"showParticleSystems":true},"in2DMode":false,"pivot":{"x":0.24285370111465455,"y":4.889400005340576,"z":-0.7721519470214844},"rotation":{"x":0.19398295879364015,"y":-0.029429782181978227,"z":0.005822577513754368,"w":0.9805455207824707},"size":1.4455232620239258,"orthographic":false}