{"cameraMode":{"drawMode":0,"name":"Shaded","section":"Shading Mode"},"sceneLighting":true,"audioPlay":false,"sceneViewState":{"showFog":true,"showMaterialUpdate":false,"showSkybox":true,"showFlares":true,"showImageEffects":true,"showParticleSystems":true},"in2DMode":false,"pivot":{"x":-7.091483116149902,"y":2.515627861022949,"z":7.807201385498047},"rotation":{"x":-0.14771202206611634,"y":0.08504043519496918,"z":-0.01274923887103796,"w":-0.9852856397628784},"size":8.391324043273926,"orthographic":false}