{"cameraMode":{"drawMode":0,"name":"Shaded","section":"Shading Mode"},"sceneLighting":true,"audioPlay":false,"sceneViewState":{"showFog":true,"showMaterialUpdate":false,"showSkybox":true,"showFlares":true,"showImageEffects":true,"showParticleSystems":true},"in2DMode":false,"pivot":{"x":60.182411193847659,"y":-89.45509338378906,"z":-187.927490234375},"rotation":{"x":-0.06690167635679245,"y":-0.9311721324920654,"z":0.22048500180244447,"w":-0.28254735469818118},"size":157.03399658203126,"orthographic":false}