{"cameraMode":{"drawMode":0,"name":"Shaded","section":"Shading Mode"},"sceneLighting":true,"audioPlay":false,"sceneViewState":{"showFog":true,"showMaterialUpdate":false,"showSkybox":true,"showFlares":true,"showImageEffects":true,"showParticleSystems":true},"in2DMode":false,"pivot":{"x":4.2469682693481449,"y":2.935225486755371,"z":4.857219696044922},"rotation":{"x":0.14351408183574677,"y":0.2822504937648773,"z":-0.04274672269821167,"w":0.9475852847099304},"size":8.388110160827637,"orthographic":false}