{"cameraMode":{"drawMode":0,"name":"Shaded","section":"Shading Mode"},"sceneLighting":false,"audioPlay":false,"sceneViewState":{"showFog":true,"showMaterialUpdate":true,"showSkybox":false,"showFlares":true,"showImageEffects":true,"showParticleSystems":true},"in2DMode":false,"pivot":{"x":4.954431533813477,"y":3.3092401027679445,"z":-0.9975814819335938},"rotation":{"x":-0.04787643626332283,"y":-0.130560502409935,"z":0.006312087643891573,"w":-0.9902652502059937},"size":15.622761726379395,"orthographic":false}