{"cameraMode":{"drawMode":0,"name":"Shaded","section":"Shading Mode"},"sceneLighting":false,"audioPlay":false,"sceneViewState":{"showFog":true,"showMaterialUpdate":false,"showSkybox":false,"showFlares":true,"showImageEffects":true,"showParticleSystems":true},"in2DMode":false,"pivot":{"x":2.5740785598754885,"y":8.36851978302002,"z":1.006636142730713},"rotation":{"x":0.0602729506790638,"y":0.0014927287120372058,"z":-0.0000902297833818011,"w":0.9981815814971924},"size":0.9709147810935974,"orthographic":false}