{"cameraMode":{"drawMode":0,"name":"Shaded","section":"Shading Mode"},"sceneLighting":true,"audioPlay":false,"sceneViewState":{"showFog":true,"showMaterialUpdate":true,"showSkybox":true,"showFlares":true,"showImageEffects":true,"showParticleSystems":true},"in2DMode":false,"pivot":{"x":1.0561137199401856,"y":6.918800354003906,"z":0.12272974848747254},"rotation":{"x":0.013244541361927987,"y":-0.723529040813446,"z":-0.01388618815690279,"w":-0.6900354623794556},"size":1.5017144680023194,"orthographic":false}