{"cameraMode":{"drawMode":0,"name":"Shaded","section":"Shading Mode"},"sceneLighting":false,"audioPlay":false,"sceneViewState":{"showFog":true,"showMaterialUpdate":true,"showSkybox":false,"showFlares":true,"showImageEffects":true,"showParticleSystems":true},"in2DMode":false,"pivot":{"x":0.0,"y":1.4349974393844605,"z":0.7954949736595154},"rotation":{"x":-0.19152607023715974,"y":-0.10341878980398178,"z":0.020298302173614503,"w":-0.9758142828941345},"size":1.6408761739730836,"orthographic":false}