{"cameraMode":{"drawMode":0,"name":"Shaded","section":"Shading Mode"},"sceneLighting":false,"audioPlay":false,"sceneViewState":{"showFog":true,"showMaterialUpdate":false,"showSkybox":false,"showFlares":true,"showImageEffects":true,"showParticleSystems":true},"in2DMode":false,"pivot":{"x":-0.5629104375839233,"y":3.4339609146118166,"z":9.500923156738282},"rotation":{"x":0.25493189692497256,"y":0.03973047435283661,"z":-0.010484101250767708,"w":0.9660859704017639},"size":11.964634895324707,"orthographic":false}