{"cameraMode":{"drawMode":0,"name":"Shaded","section":"Shading Mode"},"sceneLighting":true,"audioPlay":false,"sceneViewState":{"showFog":true,"showMaterialUpdate":false,"showSkybox":true,"showFlares":true,"showImageEffects":true,"showParticleSystems":true},"in2DMode":false,"pivot":{"x":272.3988037109375,"y":-163.22630310058595,"z":3.7321701049804689},"rotation":{"x":0.1666930615901947,"y":0.7611657977104187,"z":-0.21558362245559693,"w":0.5885441899299622},"size":191.72471618652345,"orthographic":false}