{"cameraMode":{"drawMode":0,"name":"Shaded","section":"Shading Mode"},"sceneLighting":false,"audioPlay":false,"sceneViewState":{"showFog":true,"showMaterialUpdate":false,"showSkybox":false,"showFlares":true,"showImageEffects":true,"showParticleSystems":true},"in2DMode":false,"pivot":{"x":0.298340380191803,"y":1.186905860900879,"z":0.46268343925476076},"rotation":{"x":-0.19899995625019074,"y":-0.07898350059986115,"z":0.01609376072883606,"w":-0.9766819477081299},"size":1.2000174522399903,"orthographic":false}