{"cameraMode":{"drawMode":0,"name":"Shaded","section":"Shading Mode"},"sceneLighting":true,"audioPlay":false,"sceneViewState":{"showFog":true,"showMaterialUpdate":false,"showSkybox":true,"showFlares":true,"showImageEffects":true,"showParticleSystems":true},"in2DMode":false,"pivot":{"x":-0.04002612829208374,"y":5.67868185043335,"z":2.0081677436828615},"rotation":{"x":-0.19899995625019074,"y":-0.07898350059986115,"z":0.01609376072883606,"w":-0.9766819477081299},"size":0.8757893443107605,"orthographic":false}