{"cameraMode":{"drawMode":0,"name":"Shaded","section":"Shading Mode"},"sceneLighting":true,"audioPlay":false,"sceneViewState":{"showFog":true,"showMaterialUpdate":false,"showSkybox":true,"showFlares":true,"showImageEffects":true,"showParticleSystems":true},"in2DMode":false,"pivot":{"x":-4.590572834014893,"y":6.156489372253418,"z":0.3389195203781128},"rotation":{"x":0.13176240026950837,"y":0.049042701721191409,"z":-0.0065269204787909988,"w":0.9900464415550232},"size":0.8251667618751526,"orthographic":false}