{"cameraMode":{"drawMode":0,"name":"Shaded","section":"Shading Mode"},"sceneLighting":true,"audioPlay":false,"sceneViewState":{"showFog":true,"showMaterialUpdate":false,"showSkybox":true,"showFlares":true,"showImageEffects":true,"showParticleSystems":true},"in2DMode":false,"pivot":{"x":4.567307472229004,"y":-1.8917970657348633,"z":11.108253479003907},"rotation":{"x":-0.2233509123325348,"y":-0.21944423019886018,"z":0.0516839325428009,"w":-0.9483096599578857},"size":10.785152435302735,"orthographic":false}